fold,split,metric,iteration,value
3,learn,TotalF1:average=Macro,1,0.594723500520342
3,learn,TotalF1:average=Macro,2,0.5928513277283887
3,learn,TotalF1:average=Macro,3,0.5996905996480068
3,learn,TotalF1:average=Macro,4,0.6074951061196378
3,learn,TotalF1:average=Macro,5,0.6111037927894456
3,learn,TotalF1:average=Macro,6,0.6209771976157669
3,learn,TotalF1:average=Macro,7,0.621805102402939
3,learn,TotalF1:average=Macro,8,0.633748770525252
3,learn,TotalF1:average=Macro,9,0.6423866530995177
3,learn,TotalF1:average=Macro,10,0.6381404643976021
3,learn,TotalF1:average=Macro,11,0.6440742642546338
3,learn,TotalF1:average=Macro,12,0.6496951395989344
3,learn,TotalF1:average=Macro,13,0.651643817223344
3,learn,TotalF1:average=Macro,14,0.6513389674747406
3,learn,TotalF1:average=Macro,15,0.6571499514129417
3,learn,TotalF1:average=Macro,16,0.6610526784677759
3,learn,TotalF1:average=Macro,17,0.6627474175888939
3,learn,TotalF1:average=Macro,18,0.6621930803608811
3,learn,TotalF1:average=Macro,19,0.6642631679455705
3,learn,TotalF1:average=Macro,20,0.6633427105589288
3,learn,TotalF1:average=Macro,21,0.6647961051809712
3,learn,TotalF1:average=Macro,22,0.6682923499909446
3,learn,TotalF1:average=Macro,23,0.6685174690426396
3,learn,TotalF1:average=Macro,24,0.6697138233080399
3,learn,TotalF1:average=Macro,25,0.6712219923450292
3,learn,TotalF1:average=Macro,26,0.6713518608800679
3,learn,TotalF1:average=Macro,27,0.6733907170418109
3,learn,TotalF1:average=Macro,28,0.6773310104612257
3,learn,TotalF1:average=Macro,29,0.6790064514120694
3,learn,TotalF1:average=Macro,30,0.6792321950040692
3,learn,TotalF1:average=Macro,31,0.678302091187078
3,learn,TotalF1:average=Macro,32,0.6792487890681997
3,learn,TotalF1:average=Macro,33,0.6801790732651805
3,learn,TotalF1:average=Macro,34,0.6822556424484134
3,learn,TotalF1:average=Macro,35,0.6828755628051627
3,learn,TotalF1:average=Macro,36,0.6849993591702537
3,learn,TotalF1:average=Macro,37,0.6863180576533898
3,learn,TotalF1:average=Macro,38,0.6862269118239619
3,learn,TotalF1:average=Macro,39,0.6868019796209319
3,learn,TotalF1:average=Macro,40,0.687428610707831
3,learn,TotalF1:average=Macro,41,0.6872225438861759
3,learn,TotalF1:average=Macro,42,0.6880575786559237
3,learn,TotalF1:average=Macro,43,0.6908241240529184
3,learn,TotalF1:average=Macro,44,0.6919686127121171
3,learn,TotalF1:average=Macro,45,0.695994043591216
3,learn,TotalF1:average=Macro,46,0.695743631813158
3,learn,TotalF1:average=Macro,47,0.6968574294479786
3,learn,TotalF1:average=Macro,48,0.6980661055962962
3,learn,TotalF1:average=Macro,49,0.6982383464929061
3,learn,TotalF1:average=Macro,50,0.6980738207948336
3,learn,TotalF1:average=Macro,51,0.698720861151247
3,learn,TotalF1:average=Macro,52,0.698552832449511
3,learn,TotalF1:average=Macro,53,0.7004549937143926
3,learn,TotalF1:average=Macro,54,0.7001867816021383
3,learn,TotalF1:average=Macro,55,0.7007618625798506
3,learn,TotalF1:average=Macro,56,0.7012887390308062
3,learn,TotalF1:average=Macro,57,0.7021198039558716
3,learn,TotalF1:average=Macro,58,0.703473881542741
3,learn,TotalF1:average=Macro,59,0.7053418205961299
3,learn,TotalF1:average=Macro,60,0.7059957652601658
3,learn,TotalF1:average=Macro,61,0.7059865707810772
3,learn,TotalF1:average=Macro,62,0.7074425723998033
3,learn,TotalF1:average=Macro,63,0.7070867381252474
3,learn,TotalF1:average=Macro,64,0.7086794875526652
3,learn,TotalF1:average=Macro,65,0.7083543026976462
3,learn,TotalF1:average=Macro,66,0.7086034590775401
3,learn,TotalF1:average=Macro,67,0.7108576378159568
3,learn,TotalF1:average=Macro,68,0.711105220705887
3,learn,TotalF1:average=Macro,69,0.7125702420723543
3,learn,TotalF1:average=Macro,70,0.7126871700494428
3,learn,TotalF1:average=Macro,71,0.7116751679164892
3,learn,TotalF1:average=Macro,72,0.7129782123123144
3,learn,TotalF1:average=Macro,73,0.7152784459886269
3,learn,TotalF1:average=Macro,74,0.7162801365806639
3,learn,TotalF1:average=Macro,75,0.7172413260149526
3,learn,TotalF1:average=Macro,76,0.7171317195987811
3,learn,TotalF1:average=Macro,77,0.7171450705443101
3,learn,TotalF1:average=Macro,78,0.7183688585226746
3,learn,TotalF1:average=Macro,79,0.718302939673852
3,learn,TotalF1:average=Macro,80,0.7198260832276907
3,learn,TotalF1:average=Macro,81,0.7223282686834245
3,learn,TotalF1:average=Macro,82,0.7246477855299472
3,learn,TotalF1:average=Macro,83,0.7271600282872852
3,learn,TotalF1:average=Macro,84,0.7269506017207145
3,learn,TotalF1:average=Macro,85,0.7271781938165874
3,learn,TotalF1:average=Macro,86,0.7282827728852115
3,learn,TotalF1:average=Macro,87,0.7290033282248048
3,learn,TotalF1:average=Macro,88,0.7294488787904069
3,learn,TotalF1:average=Macro,89,0.7302331731773721
3,learn,TotalF1:average=Macro,90,0.7311888659514978
3,learn,TotalF1:average=Macro,91,0.7316981309876258
3,learn,TotalF1:average=Macro,92,0.7316549278351729
3,learn,TotalF1:average=Macro,93,0.7323920217206631
3,learn,TotalF1:average=Macro,94,0.7338829518705273
3,learn,TotalF1:average=Macro,95,0.7339545711843298
3,learn,TotalF1:average=Macro,96,0.7338067490370919
3,learn,TotalF1:average=Macro,97,0.7352412289320972
3,learn,TotalF1:average=Macro,98,0.7356354931535911
3,learn,TotalF1:average=Macro,99,0.7365691775732519
3,learn,TotalF1:average=Macro,100,0.7388955454929194
3,learn,TotalF1:average=Macro,101,0.7394622532738905
3,learn,TotalF1:average=Macro,102,0.7404155120122347
3,learn,TotalF1:average=Macro,103,0.7415890609325193
3,learn,TotalF1:average=Macro,104,0.7413440627336102
3,learn,TotalF1:average=Macro,105,0.7421643111677506
3,learn,TotalF1:average=Macro,106,0.7428653349216026
3,learn,TotalF1:average=Macro,107,0.7433323094899188
3,learn,TotalF1:average=Macro,108,0.7434782890593384
3,learn,TotalF1:average=Macro,109,0.7459997913847531
3,learn,TotalF1:average=Macro,110,0.7456259939592347
3,learn,TotalF1:average=Macro,111,0.7463372774377071
3,learn,TotalF1:average=Macro,112,0.7462187086279526
3,learn,TotalF1:average=Macro,113,0.74790283953024
3,learn,TotalF1:average=Macro,114,0.7484578927712822
3,learn,TotalF1:average=Macro,115,0.7493890675074754
3,learn,TotalF1:average=Macro,116,0.7500300513014262
3,learn,TotalF1:average=Macro,117,0.7516611901959844
3,learn,TotalF1:average=Macro,118,0.7519641214585764
3,learn,TotalF1:average=Macro,119,0.7513928586765868
3,learn,TotalF1:average=Macro,120,0.7521151666256924
3,learn,TotalF1:average=Macro,121,0.7516237928027896
3,learn,TotalF1:average=Macro,122,0.7528728930377919
3,learn,TotalF1:average=Macro,123,0.7536070712683945
3,learn,TotalF1:average=Macro,124,0.7536269901002887
3,learn,TotalF1:average=Macro,125,0.7533160186431754
3,learn,TotalF1:average=Macro,126,0.7544483292450459
3,learn,TotalF1:average=Macro,127,0.7544731816410163
3,learn,TotalF1:average=Macro,128,0.7551840478059901
3,learn,TotalF1:average=Macro,129,0.7556872718089056
3,learn,TotalF1:average=Macro,130,0.7555020252070666
3,learn,TotalF1:average=Macro,131,0.7565308839103009
3,learn,TotalF1:average=Macro,132,0.756442267551656
3,learn,TotalF1:average=Macro,133,0.7571613143639836
3,learn,TotalF1:average=Macro,134,0.757522279782373
3,learn,TotalF1:average=Macro,135,0.7578101633474357
3,learn,TotalF1:average=Macro,136,0.7575748912665208
3,learn,TotalF1:average=Macro,137,0.7582493118421305
3,learn,TotalF1:average=Macro,138,0.7586352786690184
3,learn,TotalF1:average=Macro,139,0.7593227625379289
3,learn,TotalF1:average=Macro,140,0.7592771366462963
3,learn,TotalF1:average=Macro,141,0.7595176150946537
3,learn,TotalF1:average=Macro,142,0.7601242119329079
3,learn,TotalF1:average=Macro,143,0.7606201601394983
3,learn,TotalF1:average=Macro,144,0.7608234709996274
3,learn,TotalF1:average=Macro,145,0.7613146098304654
3,learn,TotalF1:average=Macro,146,0.76107076485625
3,learn,TotalF1:average=Macro,147,0.7621069612959973
3,learn,TotalF1:average=Macro,148,0.763817955542893
3,learn,TotalF1:average=Macro,149,0.7642893702670475
3,learn,TotalF1:average=Macro,150,0.7642531802030885
3,learn,TotalF1:average=Macro,151,0.7647022044787177
3,learn,TotalF1:average=Macro,152,0.7648344103493431
3,learn,TotalF1:average=Macro,153,0.7652845598029815
3,learn,TotalF1:average=Macro,154,0.7654793802214703
3,learn,TotalF1:average=Macro,155,0.7658519642025949
3,learn,TotalF1:average=Macro,156,0.7659230478386161
3,learn,TotalF1:average=Macro,157,0.7668183266223743
3,learn,TotalF1:average=Macro,158,0.7668847658724248
3,learn,TotalF1:average=Macro,159,0.7668387719327063
3,learn,TotalF1:average=Macro,160,0.7673887063063396
3,learn,TotalF1:average=Macro,161,0.7677607683068846
3,learn,TotalF1:average=Macro,162,0.7680688577856772
3,learn,TotalF1:average=Macro,163,0.76875041297063
3,learn,TotalF1:average=Macro,164,0.7683348070251359
3,learn,TotalF1:average=Macro,165,0.7690303657596118
3,learn,TotalF1:average=Macro,166,0.7696935989264502
3,learn,TotalF1:average=Macro,167,0.7693876382314074
3,learn,TotalF1:average=Macro,168,0.7692568905688361
3,learn,TotalF1:average=Macro,169,0.7692040212943125
3,learn,TotalF1:average=Macro,170,0.7712276546111843
3,learn,TotalF1:average=Macro,171,0.7707993295839068
3,learn,TotalF1:average=Macro,172,0.772533676420683
3,learn,TotalF1:average=Macro,173,0.7721500931042756
3,learn,TotalF1:average=Macro,174,0.7723935052243402
3,learn,TotalF1:average=Macro,175,0.7724629619730068
3,learn,TotalF1:average=Macro,176,0.772762501857331
3,learn,TotalF1:average=Macro,177,0.7726572554083047
3,learn,TotalF1:average=Macro,178,0.7740552625787398
3,learn,TotalF1:average=Macro,179,0.7746940641863195
3,learn,TotalF1:average=Macro,180,0.7747437181142115
3,learn,TotalF1:average=Macro,181,0.7750703527244471
3,learn,TotalF1:average=Macro,182,0.7755981801861129
3,learn,TotalF1:average=Macro,183,0.7759145914872536
3,learn,TotalF1:average=Macro,184,0.7761011875470887
3,learn,TotalF1:average=Macro,185,0.7768900766778992
3,learn,TotalF1:average=Macro,186,0.7769368131424501
3,learn,TotalF1:average=Macro,187,0.776946618126657
3,learn,TotalF1:average=Macro,188,0.7772216041278575
3,learn,TotalF1:average=Macro,189,0.7773557332828982
3,learn,TotalF1:average=Macro,190,0.7773830940599515
3,learn,TotalF1:average=Macro,191,0.7777261299775702
3,learn,TotalF1:average=Macro,192,0.778902975185454
3,learn,TotalF1:average=Macro,193,0.7787822298149019
3,learn,TotalF1:average=Macro,194,0.7803033227175805
3,learn,TotalF1:average=Macro,195,0.7798751180509447
3,learn,TotalF1:average=Macro,196,0.7798679304717397
3,learn,TotalF1:average=Macro,197,0.7798031872483135
3,learn,TotalF1:average=Macro,198,0.7799367827920034
3,learn,TotalF1:average=Macro,199,0.7805643008137678
3,learn,TotalF1:average=Macro,200,0.78047079614796
3,learn,TotalF1:average=Macro,201,0.7813230597858122
3,learn,TotalF1:average=Macro,202,0.7815840275983444
3,learn,TotalF1:average=Macro,203,0.781588038325349
3,learn,TotalF1:average=Macro,204,0.7817799285220535
3,learn,TotalF1:average=Macro,205,0.7817347456671128
3,learn,TotalF1:average=Macro,206,0.7828002995672719
3,learn,TotalF1:average=Macro,207,0.7828626578111164
3,learn,TotalF1:average=Macro,208,0.7825077872846642
3,learn,TotalF1:average=Macro,209,0.7827039119306511
3,learn,TotalF1:average=Macro,210,0.7833976367294975
3,learn,TotalF1:average=Macro,211,0.7827179838783845
3,learn,TotalF1:average=Macro,212,0.7829649979442156
3,learn,TotalF1:average=Macro,213,0.7835361496492128
3,learn,TotalF1:average=Macro,214,0.7838598260437879
3,learn,TotalF1:average=Macro,215,0.7837732927159609
3,learn,TotalF1:average=Macro,216,0.784421571566309
3,learn,TotalF1:average=Macro,217,0.7844235933998547
3,learn,TotalF1:average=Macro,218,0.7842492995073291
3,learn,TotalF1:average=Macro,219,0.7842938563647037
3,learn,TotalF1:average=Macro,220,0.7846247833007562
3,learn,TotalF1:average=Macro,221,0.7850581742501789
3,learn,TotalF1:average=Macro,222,0.7851202952514393
3,learn,TotalF1:average=Macro,223,0.7859574315520026
3,learn,TotalF1:average=Macro,224,0.7863173883443586
3,learn,TotalF1:average=Macro,225,0.786241845892964
3,learn,TotalF1:average=Macro,226,0.7865774584729783
3,learn,TotalF1:average=Macro,227,0.7867043395368118
3,learn,TotalF1:average=Macro,228,0.7865025713123723
3,learn,TotalF1:average=Macro,229,0.7863160178026052
3,learn,TotalF1:average=Macro,230,0.7871464284155171
3,learn,TotalF1:average=Macro,231,0.7875637843042751
3,learn,TotalF1:average=Macro,232,0.7877270858964841
3,learn,TotalF1:average=Macro,233,0.7877073195530854
3,learn,TotalF1:average=Macro,234,0.7895903890356983
3,learn,TotalF1:average=Macro,235,0.7887247511140021
3,learn,TotalF1:average=Macro,236,0.7905259144684433
3,learn,TotalF1:average=Macro,237,0.7906800684481419
3,learn,TotalF1:average=Macro,238,0.7906986534232244
3,learn,TotalF1:average=Macro,239,0.7910301792597623
3,learn,TotalF1:average=Macro,240,0.7909850406100687
3,learn,TotalF1:average=Macro,241,0.7920783926783479
3,learn,TotalF1:average=Macro,242,0.7921684185876419
3,learn,TotalF1:average=Macro,243,0.7921154224221126
3,learn,TotalF1:average=Macro,244,0.7921734468263695
3,learn,TotalF1:average=Macro,245,0.7920575734755497
3,learn,TotalF1:average=Macro,246,0.7918625673743731
3,learn,TotalF1:average=Macro,247,0.7927255661325114
3,learn,TotalF1:average=Macro,248,0.792515646212566
3,learn,TotalF1:average=Macro,249,0.7924532255491761
3,learn,TotalF1:average=Macro,250,0.793023334583696
3,learn,TotalF1:average=Macro,251,0.7942824264492792
3,learn,TotalF1:average=Macro,252,0.7942264862183397
3,learn,TotalF1:average=Macro,253,0.794087502505292
3,learn,TotalF1:average=Macro,254,0.7944214523926365
3,learn,TotalF1:average=Macro,255,0.7942289621813117
3,learn,TotalF1:average=Macro,256,0.7951203610729508
3,learn,TotalF1:average=Macro,257,0.7951194789740544
3,learn,TotalF1:average=Macro,258,0.7954115453540185
3,learn,TotalF1:average=Macro,259,0.7956033893453807
3,learn,TotalF1:average=Macro,260,0.79666836262894
3,learn,TotalF1:average=Macro,261,0.7960803133843029
3,learn,TotalF1:average=Macro,262,0.7969558998779988
3,learn,TotalF1:average=Macro,263,0.7979721813815406
3,learn,TotalF1:average=Macro,264,0.7978331468935195
3,learn,TotalF1:average=Macro,265,0.7986306431713679
3,learn,TotalF1:average=Macro,266,0.7981759776541083
3,learn,TotalF1:average=Macro,267,0.7983081453475639
3,learn,TotalF1:average=Macro,268,0.7981820575050215
3,learn,TotalF1:average=Macro,269,0.7991594014234813
3,learn,TotalF1:average=Macro,270,0.7991669103864824
3,learn,TotalF1:average=Macro,271,0.7984125383345688
3,learn,TotalF1:average=Macro,272,0.7981728054060101
3,learn,TotalF1:average=Macro,273,0.79863946970572
3,learn,MultiClass,1,1.328399675822838
3,learn,MultiClass,2,1.2796261684029984
3,learn,MultiClass,3,1.2385159212003047
3,learn,MultiClass,4,1.1987095826562153
3,learn,MultiClass,5,1.1656813178710304
3,learn,MultiClass,6,1.140827336933319
3,learn,MultiClass,7,1.1146739346335708
3,learn,MultiClass,8,1.0928061371641191
3,learn,MultiClass,9,1.0701768731764738
3,learn,MultiClass,10,1.0536341257655746
3,learn,MultiClass,11,1.0352344722297928
3,learn,MultiClass,12,1.0190940206867043
3,learn,MultiClass,13,1.0034994295450754
3,learn,MultiClass,14,0.9929747100391954
3,learn,MultiClass,15,0.980530754805621
3,learn,MultiClass,16,0.9676591323323288
3,learn,MultiClass,17,0.956691609046548
3,learn,MultiClass,18,0.9481617519665622
3,learn,MultiClass,19,0.9388745747785852
3,learn,MultiClass,20,0.9309648571354547
3,learn,MultiClass,21,0.9232930099890203
3,learn,MultiClass,22,0.9148142572867242
3,learn,MultiClass,23,0.9090482043415922
3,learn,MultiClass,24,0.8994437158395713
3,learn,MultiClass,25,0.8931114350620525
3,learn,MultiClass,26,0.8862916910993449
3,learn,MultiClass,27,0.8806350418997506
3,learn,MultiClass,28,0.8733053817072755
3,learn,MultiClass,29,0.8679936858867494
3,learn,MultiClass,30,0.8628275962245704
3,learn,MultiClass,31,0.8592584489624834
3,learn,MultiClass,32,0.8543216307353081
3,learn,MultiClass,33,0.8503715302492253
3,learn,MultiClass,34,0.846530664217764
3,learn,MultiClass,35,0.8419922784202426
3,learn,MultiClass,36,0.8359044122210475
3,learn,MultiClass,37,0.83277902473277
3,learn,MultiClass,38,0.8289973523200463
3,learn,MultiClass,39,0.8243873104496295
3,learn,MultiClass,40,0.8204891527318664
3,learn,MultiClass,41,0.8167831884016308
3,learn,MultiClass,42,0.8134742306013839
3,learn,MultiClass,43,0.8095502085177648
3,learn,MultiClass,44,0.8067814832791247
3,learn,MultiClass,45,0.8016766755344293
3,learn,MultiClass,46,0.7992635500382463
3,learn,MultiClass,47,0.7969687329055589
3,learn,MultiClass,48,0.7928303987833785
3,learn,MultiClass,49,0.7903451516476183
3,learn,MultiClass,50,0.7880079604392193
3,learn,MultiClass,51,0.7859008483494625
3,learn,MultiClass,52,0.7838936493278948
3,learn,MultiClass,53,0.7809822316270167
3,learn,MultiClass,54,0.779321414421792
3,learn,MultiClass,55,0.7775641115567994
3,learn,MultiClass,56,0.7756484150356002
3,learn,MultiClass,57,0.7729263945576201
3,learn,MultiClass,58,0.7703626735369467
3,learn,MultiClass,59,0.7683153041464468
3,learn,MultiClass,60,0.7661656696915611
3,learn,MultiClass,61,0.7644004962870169
3,learn,MultiClass,62,0.762571935359713
3,learn,MultiClass,63,0.7623970790610836
3,learn,MultiClass,64,0.7607392007318269
3,learn,MultiClass,65,0.7590563884088984
3,learn,MultiClass,66,0.7574102379230135
3,learn,MultiClass,67,0.7550546482061257
3,learn,MultiClass,68,0.7539750889196974
3,learn,MultiClass,69,0.7513110431437997
3,learn,MultiClass,70,0.7511309067520167
3,learn,MultiClass,71,0.7502511260580568
3,learn,MultiClass,72,0.7485392895611637
3,learn,MultiClass,73,0.7443168258369396
3,learn,MultiClass,74,0.7427779378504
3,learn,MultiClass,75,0.7405593722335845
3,learn,MultiClass,76,0.7395957904347994
3,learn,MultiClass,77,0.7390472477689111
3,learn,MultiClass,78,0.7356452501094222
3,learn,MultiClass,79,0.7347264458637397
3,learn,MultiClass,80,0.7321718068781673
3,learn,MultiClass,81,0.7271532903926815
3,learn,MultiClass,82,0.7247575542537892
3,learn,MultiClass,83,0.7222673938037292
3,learn,MultiClass,84,0.7212895299462111
3,learn,MultiClass,85,0.7202193698372353
3,learn,MultiClass,86,0.7183624982970556
3,learn,MultiClass,87,0.7163286700192023
3,learn,MultiClass,88,0.7150432909352663
3,learn,MultiClass,89,0.7123632752704447
3,learn,MultiClass,90,0.7103307107133091
3,learn,MultiClass,91,0.7098860847433469
3,learn,MultiClass,92,0.7089582003199222
3,learn,MultiClass,93,0.7079199738677725
3,learn,MultiClass,94,0.704964915935093
3,learn,MultiClass,95,0.7039403668460715
3,learn,MultiClass,96,0.7021907515321459
3,learn,MultiClass,97,0.7006541153820854
3,learn,MultiClass,98,0.6995194166871309
3,learn,MultiClass,99,0.6976780851245479
3,learn,MultiClass,100,0.6944535456191834
3,learn,MultiClass,101,0.6927769539204313
3,learn,MultiClass,102,0.6896531815368885
3,learn,MultiClass,103,0.6874880285316185
3,learn,MultiClass,104,0.6854767234814663
3,learn,MultiClass,105,0.6839077077504429
3,learn,MultiClass,106,0.6829773799952582
3,learn,MultiClass,107,0.6818528402661183
3,learn,MultiClass,108,0.6807822572321929
3,learn,MultiClass,109,0.6778564173854317
3,learn,MultiClass,110,0.6762747809058415
3,learn,MultiClass,111,0.6740776427707318
3,learn,MultiClass,112,0.672199729709112
3,learn,MultiClass,113,0.6704394621622817
3,learn,MultiClass,114,0.6694482654253195
3,learn,MultiClass,115,0.6679290913626518
3,learn,MultiClass,116,0.6655807920788497
3,learn,MultiClass,117,0.663890773410168
3,learn,MultiClass,118,0.6622238657793783
3,learn,MultiClass,119,0.6604025613295694
3,learn,MultiClass,120,0.6596463600386939
3,learn,MultiClass,121,0.6581901742446158
3,learn,MultiClass,122,0.6567802016802234
3,learn,MultiClass,123,0.6558204437732018
3,learn,MultiClass,124,0.6551113843040872
3,learn,MultiClass,125,0.6539117425506784
3,learn,MultiClass,126,0.6528926801001285
3,learn,MultiClass,127,0.6515730874198847
3,learn,MultiClass,128,0.6494222581624068
3,learn,MultiClass,129,0.6487674623574492
3,learn,MultiClass,130,0.6487408842207962
3,learn,MultiClass,131,0.6465236905058847
3,learn,MultiClass,132,0.6459358861958724
3,learn,MultiClass,133,0.6448490650428045
3,learn,MultiClass,134,0.6435282848530904
3,learn,MultiClass,135,0.6426314261774781
3,learn,MultiClass,136,0.6417120944761697
3,learn,MultiClass,137,0.6400206343322328
3,learn,MultiClass,138,0.6382305993319513
3,learn,MultiClass,139,0.6373819926479541
3,learn,MultiClass,140,0.6361490741936099
3,learn,MultiClass,141,0.6356167764431149
3,learn,MultiClass,142,0.6344390815583636
3,learn,MultiClass,143,0.6332839467698925
3,learn,MultiClass,144,0.6319794376974617
3,learn,MultiClass,145,0.6305589841266017
3,learn,MultiClass,146,0.6299427314226699
3,learn,MultiClass,147,0.6289890376039401
3,learn,MultiClass,148,0.6268414408273257
3,learn,MultiClass,149,0.6250953794375921
3,learn,MultiClass,150,0.6242810038725692
3,learn,MultiClass,151,0.6225502575579344
3,learn,MultiClass,152,0.6218562157923104
3,learn,MultiClass,153,0.6211405977839899
3,learn,MultiClass,154,0.6208226731095341
3,learn,MultiClass,155,0.6199589431250355
3,learn,MultiClass,156,0.6194012746749423
3,learn,MultiClass,157,0.6183114683497684
3,learn,MultiClass,158,0.6183009732449251
3,learn,MultiClass,159,0.617759458703622
3,learn,MultiClass,160,0.6167544548297095
3,learn,MultiClass,161,0.6162162381008414
3,learn,MultiClass,162,0.6153555674940198
3,learn,MultiClass,163,0.614342038321025
3,learn,MultiClass,164,0.614176261962358
3,learn,MultiClass,165,0.6131533350088311
3,learn,MultiClass,166,0.611752208923037
3,learn,MultiClass,167,0.6111268540217659
3,learn,MultiClass,168,0.6106091116080731
3,learn,MultiClass,169,0.6105756593142259
3,learn,MultiClass,170,0.6093990696542764
3,learn,MultiClass,171,0.6090312150524317
3,learn,MultiClass,172,0.6075667867314367
3,learn,MultiClass,173,0.6072502851952003
3,learn,MultiClass,174,0.6060975811815283
3,learn,MultiClass,175,0.6060831720044503
3,learn,MultiClass,176,0.6054527626069824
3,learn,MultiClass,177,0.6048498741017706
3,learn,MultiClass,178,0.6032513777976365
3,learn,MultiClass,179,0.6019100532265637
3,learn,MultiClass,180,0.6013861713029846
3,learn,MultiClass,181,0.6001009619360425
3,learn,MultiClass,182,0.5992100048533187
3,learn,MultiClass,183,0.5982698815513037
3,learn,MultiClass,184,0.597522954773549
3,learn,MultiClass,185,0.5964324763699832
3,learn,MultiClass,186,0.5961923689072447
3,learn,MultiClass,187,0.5956932370586411
3,learn,MultiClass,188,0.5945508674804233
3,learn,MultiClass,189,0.5945304551725057
3,learn,MultiClass,190,0.5935507207224904
3,learn,MultiClass,191,0.5926827162970356
3,learn,MultiClass,192,0.5914585006815871
3,learn,MultiClass,193,0.5907663746520457
3,learn,MultiClass,194,0.5896609389431186
3,learn,MultiClass,195,0.5891297830657962
3,learn,MultiClass,196,0.5883515631744367
3,learn,MultiClass,197,0.5881161211829056
3,learn,MultiClass,198,0.5881058600523583
3,learn,MultiClass,199,0.5877171328587174
3,learn,MultiClass,200,0.586532317038926
3,learn,MultiClass,201,0.5854337722721522
3,learn,MultiClass,202,0.5848580580070835
3,learn,MultiClass,203,0.5847303557703423
3,learn,MultiClass,204,0.5842481451264665
3,learn,MultiClass,205,0.5835574726561925
3,learn,MultiClass,206,0.5829437243158182
3,learn,MultiClass,207,0.5829268940218665
3,learn,MultiClass,208,0.5828414063611479
3,learn,MultiClass,209,0.5822567119534308
3,learn,MultiClass,210,0.5822161061080872
3,learn,MultiClass,211,0.5814967479185836
3,learn,MultiClass,212,0.5806785597077753
3,learn,MultiClass,213,0.5799219627951128
3,learn,MultiClass,214,0.5796736640612874
3,learn,MultiClass,215,0.5787944982122113
3,learn,MultiClass,216,0.5786869589668251
3,learn,MultiClass,217,0.5785479446140918
3,learn,MultiClass,218,0.5785221545339572
3,learn,MultiClass,219,0.5777627490262195
3,learn,MultiClass,220,0.5769661826693979
3,learn,MultiClass,221,0.5758969813890719
3,learn,MultiClass,222,0.5758820508903547
3,learn,MultiClass,223,0.5755467659832174
3,learn,MultiClass,224,0.5750092010054574
3,learn,MultiClass,225,0.5745778901881335
3,learn,MultiClass,226,0.5741826427164879
3,learn,MultiClass,227,0.5736800463923646
3,learn,MultiClass,228,0.5736559180658062
3,learn,MultiClass,229,0.5736277764106823
3,learn,MultiClass,230,0.5732724690064743
3,learn,MultiClass,231,0.5726264387596182
3,learn,MultiClass,232,0.5720995450823559
3,learn,MultiClass,233,0.5716750847298508
3,learn,MultiClass,234,0.5705197515820074
3,learn,MultiClass,235,0.570055051727305
3,learn,MultiClass,236,0.5689859397962304
3,learn,MultiClass,237,0.5686958082705686
3,learn,MultiClass,238,0.5676882665043756
3,learn,MultiClass,239,0.5673551258086041
3,learn,MultiClass,240,0.5666738936690281
3,learn,MultiClass,241,0.5660951103784609
3,learn,MultiClass,242,0.5655327098822512
3,learn,MultiClass,243,0.5655095224764846
3,learn,MultiClass,244,0.5654445375907363
3,learn,MultiClass,245,0.5654175472471504
3,learn,MultiClass,246,0.5649320648538991
3,learn,MultiClass,247,0.5641989804850426
3,learn,MultiClass,248,0.5635087926517343
3,learn,MultiClass,249,0.5634740186268394
3,learn,MultiClass,250,0.5631369137238301
3,learn,MultiClass,251,0.5621424030563072
3,learn,MultiClass,252,0.5621381176993737
3,learn,MultiClass,253,0.5617353004893033
3,learn,MultiClass,254,0.5610178287194156
3,learn,MultiClass,255,0.5609625797337975
3,learn,MultiClass,256,0.5604361430478042
3,learn,MultiClass,257,0.5600747111666725
3,learn,MultiClass,258,0.5597757081681942
3,learn,MultiClass,259,0.5590865931585471
3,learn,MultiClass,260,0.5581228787141043
3,learn,MultiClass,261,0.5578767111663605
3,learn,MultiClass,262,0.5569750012043235
3,learn,MultiClass,263,0.5557541101353762
3,learn,MultiClass,264,0.55528971915131
3,learn,MultiClass,265,0.5548055554234842
3,learn,MultiClass,266,0.5543191143258104
3,learn,MultiClass,267,0.5543052075995407
3,learn,MultiClass,268,0.5538920371519356
3,learn,MultiClass,269,0.5533541711210355
3,learn,MultiClass,270,0.5533405204056642
3,learn,MultiClass,271,0.552690211073813
3,learn,MultiClass,272,0.5524305887294533
3,learn,MultiClass,273,0.5518491296653437
3,validation,TotalF1:average=Macro,1,0.29419695492182596
3,validation,TotalF1:average=Macro,2,0.2886327698717459
3,validation,TotalF1:average=Macro,3,0.29493689543536084
3,validation,TotalF1:average=Macro,4,0.293738052115293
3,validation,TotalF1:average=Macro,5,0.2942622629351752
3,validation,TotalF1:average=Macro,6,0.29302321481832055
3,validation,TotalF1:average=Macro,7,0.2934635270190664
3,validation,TotalF1:average=Macro,8,0.29508112896149974
3,validation,TotalF1:average=Macro,9,0.2889797577636481
3,validation,TotalF1:average=Macro,10,0.2894129312327526
3,validation,TotalF1:average=Macro,11,0.28950193150413017
3,validation,TotalF1:average=Macro,12,0.28949016577697784
3,validation,TotalF1:average=Macro,13,0.2924041438949279
3,validation,TotalF1:average=Macro,14,0.2923659111554367
3,validation,TotalF1:average=Macro,15,0.2928982914369699
3,validation,TotalF1:average=Macro,16,0.2909574673752908
3,validation,TotalF1:average=Macro,17,0.2915184626829621
3,validation,TotalF1:average=Macro,18,0.29427026508400633
3,validation,TotalF1:average=Macro,19,0.29470391867589396
3,validation,TotalF1:average=Macro,20,0.2934334302305761
3,validation,TotalF1:average=Macro,21,0.29269309383714426
3,validation,TotalF1:average=Macro,22,0.29438346315145475
3,validation,TotalF1:average=Macro,23,0.29358672469462976
3,validation,TotalF1:average=Macro,24,0.29389210809296495
3,validation,TotalF1:average=Macro,25,0.2975381454928062
3,validation,TotalF1:average=Macro,26,0.2971836899531274
3,validation,TotalF1:average=Macro,27,0.29944017800769374
3,validation,TotalF1:average=Macro,28,0.2976915401026022
3,validation,TotalF1:average=Macro,29,0.29951060830857856
3,validation,TotalF1:average=Macro,30,0.29919171293141933
3,validation,TotalF1:average=Macro,31,0.29953988032714285
3,validation,TotalF1:average=Macro,32,0.3004508107305594
3,validation,TotalF1:average=Macro,33,0.2974898209549761
3,validation,TotalF1:average=Macro,34,0.29963606860270364
3,validation,TotalF1:average=Macro,35,0.3039164192540337
3,validation,TotalF1:average=Macro,36,0.301646938354969
3,validation,TotalF1:average=Macro,37,0.3051076291142605
3,validation,TotalF1:average=Macro,38,0.30299900582203476
3,validation,TotalF1:average=Macro,39,0.30233636062374114
3,validation,TotalF1:average=Macro,40,0.30268143296171623
3,validation,TotalF1:average=Macro,41,0.3025230036885346
3,validation,TotalF1:average=Macro,42,0.30210038120558413
3,validation,TotalF1:average=Macro,43,0.30185018405662273
3,validation,TotalF1:average=Macro,44,0.30237473865803793
3,validation,TotalF1:average=Macro,45,0.30110097297366667
3,validation,TotalF1:average=Macro,46,0.3013129774018639
3,validation,TotalF1:average=Macro,47,0.3031970282746671
3,validation,TotalF1:average=Macro,48,0.30246239808805037
3,validation,TotalF1:average=Macro,49,0.30265460848186265
3,validation,TotalF1:average=Macro,50,0.3024086934625256
3,validation,TotalF1:average=Macro,51,0.30150714283826174
3,validation,TotalF1:average=Macro,52,0.3009427841221729
3,validation,TotalF1:average=Macro,53,0.3014379103734219
3,validation,TotalF1:average=Macro,54,0.30128567236670606
3,validation,TotalF1:average=Macro,55,0.29957658927980346
3,validation,TotalF1:average=Macro,56,0.30166992195422493
3,validation,TotalF1:average=Macro,57,0.30296042982343796
3,validation,TotalF1:average=Macro,58,0.3027626390737223
3,validation,TotalF1:average=Macro,59,0.3033622384503218
3,validation,TotalF1:average=Macro,60,0.30090773669248305
3,validation,TotalF1:average=Macro,61,0.30353827439019887
3,validation,TotalF1:average=Macro,62,0.3023088629601212
3,validation,TotalF1:average=Macro,63,0.2998768834278109
3,validation,TotalF1:average=Macro,64,0.3020849585589245
3,validation,TotalF1:average=Macro,65,0.3027446074822092
3,validation,TotalF1:average=Macro,66,0.3022055243758241
3,validation,TotalF1:average=Macro,67,0.29973623403941696
3,validation,TotalF1:average=Macro,68,0.3006986143646607
3,validation,TotalF1:average=Macro,69,0.30044446562621197
3,validation,TotalF1:average=Macro,70,0.3010570814825402
3,validation,TotalF1:average=Macro,71,0.3024246998545566
3,validation,TotalF1:average=Macro,72,0.3016138592527527
3,validation,TotalF1:average=Macro,73,0.30266810706024483
3,validation,TotalF1:average=Macro,74,0.30080978951640736
3,validation,TotalF1:average=Macro,75,0.30182126674186205
3,validation,TotalF1:average=Macro,76,0.30382469281502134
3,validation,TotalF1:average=Macro,77,0.3035419982017078
3,validation,TotalF1:average=Macro,78,0.3031199123257654
3,validation,TotalF1:average=Macro,79,0.30330519761107166
3,validation,TotalF1:average=Macro,80,0.3038084726708301
3,validation,TotalF1:average=Macro,81,0.304163383501236
3,validation,TotalF1:average=Macro,82,0.30444733278340097
3,validation,TotalF1:average=Macro,83,0.30273124891930037
3,validation,TotalF1:average=Macro,84,0.3039241449090201
3,validation,TotalF1:average=Macro,85,0.30328261549386026
3,validation,TotalF1:average=Macro,86,0.30237987742963357
3,validation,TotalF1:average=Macro,87,0.30417852470767026
3,validation,TotalF1:average=Macro,88,0.30374610005592984
3,validation,TotalF1:average=Macro,89,0.30325350323326916
3,validation,TotalF1:average=Macro,90,0.3047999165705009
3,validation,TotalF1:average=Macro,91,0.30508194393289145
3,validation,TotalF1:average=Macro,92,0.30431596343407213
3,validation,TotalF1:average=Macro,93,0.3050512326960771
3,validation,TotalF1:average=Macro,94,0.3054278255912928
3,validation,TotalF1:average=Macro,95,0.30560255156865945
3,validation,TotalF1:average=Macro,96,0.3050655662438351
3,validation,TotalF1:average=Macro,97,0.30493494292376155
3,validation,TotalF1:average=Macro,98,0.305135252709122
3,validation,TotalF1:average=Macro,99,0.3040409599307553
3,validation,TotalF1:average=Macro,100,0.3052502988206599
3,validation,TotalF1:average=Macro,101,0.30311056003853515
3,validation,TotalF1:average=Macro,102,0.3033999582732554
3,validation,TotalF1:average=Macro,103,0.3037777016964016
3,validation,TotalF1:average=Macro,104,0.3028084210439751
3,validation,TotalF1:average=Macro,105,0.30413232926283834
3,validation,TotalF1:average=Macro,106,0.3047951920672037
3,validation,TotalF1:average=Macro,107,0.3046061682703394
3,validation,TotalF1:average=Macro,108,0.30468645631774627
3,validation,TotalF1:average=Macro,109,0.3053700316336224
3,validation,TotalF1:average=Macro,110,0.30631167174879237
3,validation,TotalF1:average=Macro,111,0.3053868612589473
3,validation,TotalF1:average=Macro,112,0.30666104544415523
3,validation,TotalF1:average=Macro,113,0.30563470818913996
3,validation,TotalF1:average=Macro,114,0.30689651893933073
3,validation,TotalF1:average=Macro,115,0.30839278401909953
3,validation,TotalF1:average=Macro,116,0.3082348485546615
3,validation,TotalF1:average=Macro,117,0.3092609809806789
3,validation,TotalF1:average=Macro,118,0.30844476550318967
3,validation,TotalF1:average=Macro,119,0.306891045625463
3,validation,TotalF1:average=Macro,120,0.30684155755857423
3,validation,TotalF1:average=Macro,121,0.3085979161641459
3,validation,TotalF1:average=Macro,122,0.30761966097557236
3,validation,TotalF1:average=Macro,123,0.31015887385789576
3,validation,TotalF1:average=Macro,124,0.30872038750986086
3,validation,TotalF1:average=Macro,125,0.3078117467414908
3,validation,TotalF1:average=Macro,126,0.3077354172665578
3,validation,TotalF1:average=Macro,127,0.306265094276965
3,validation,TotalF1:average=Macro,128,0.30547698543167495
3,validation,TotalF1:average=Macro,129,0.30363326609849806
3,validation,TotalF1:average=Macro,130,0.30377849659384004
3,validation,TotalF1:average=Macro,131,0.3063844714533285
3,validation,TotalF1:average=Macro,132,0.3049582697741132
3,validation,TotalF1:average=Macro,133,0.30532440645013365
3,validation,TotalF1:average=Macro,134,0.30601041969553716
3,validation,TotalF1:average=Macro,135,0.3053310052839684
3,validation,TotalF1:average=Macro,136,0.3055842515545093
3,validation,TotalF1:average=Macro,137,0.30494124432830094
3,validation,TotalF1:average=Macro,138,0.30455884347755463
3,validation,TotalF1:average=Macro,139,0.3049285815174132
3,validation,TotalF1:average=Macro,140,0.30483611997958754
3,validation,TotalF1:average=Macro,141,0.3050995728194485
3,validation,TotalF1:average=Macro,142,0.30455408690546115
3,validation,TotalF1:average=Macro,143,0.3061863785707146
3,validation,TotalF1:average=Macro,144,0.30625560888958336
3,validation,TotalF1:average=Macro,145,0.3036500025433596
3,validation,TotalF1:average=Macro,146,0.3046132680627302
3,validation,TotalF1:average=Macro,147,0.3039083490368581
3,validation,TotalF1:average=Macro,148,0.30413815970001035
3,validation,TotalF1:average=Macro,149,0.3026806231991022
3,validation,TotalF1:average=Macro,150,0.3031044856142708
3,validation,TotalF1:average=Macro,151,0.3035265239185353
3,validation,TotalF1:average=Macro,152,0.30355610691450197
3,validation,TotalF1:average=Macro,153,0.3030615235949419
3,validation,TotalF1:average=Macro,154,0.30290746483104786
3,validation,TotalF1:average=Macro,155,0.3038802856435847
3,validation,TotalF1:average=Macro,156,0.3039564722413768
3,validation,TotalF1:average=Macro,157,0.3035414281669958
3,validation,TotalF1:average=Macro,158,0.3035414281669958
3,validation,TotalF1:average=Macro,159,0.3035735118242414
3,validation,TotalF1:average=Macro,160,0.3023948528417418
3,validation,TotalF1:average=Macro,161,0.30273642559210756
3,validation,TotalF1:average=Macro,162,0.30282893360357904
3,validation,TotalF1:average=Macro,163,0.30383270846313315
3,validation,TotalF1:average=Macro,164,0.3039487501506891
3,validation,TotalF1:average=Macro,165,0.3043651473528909
3,validation,TotalF1:average=Macro,166,0.3039012922733514
3,validation,TotalF1:average=Macro,167,0.3035705893176799
3,validation,TotalF1:average=Macro,168,0.3035655020935991
3,validation,TotalF1:average=Macro,169,0.3035270718534967
3,validation,TotalF1:average=Macro,170,0.3041999749847161
3,validation,TotalF1:average=Macro,171,0.30376953340080204
3,validation,TotalF1:average=Macro,172,0.3021438899407727
3,validation,TotalF1:average=Macro,173,0.3018644728827462
3,validation,TotalF1:average=Macro,174,0.301693099128937
3,validation,TotalF1:average=Macro,175,0.301693099128937
3,validation,TotalF1:average=Macro,176,0.30207382583913156
3,validation,TotalF1:average=Macro,177,0.30319177748555376
3,validation,TotalF1:average=Macro,178,0.30238334697041913
3,validation,TotalF1:average=Macro,179,0.30083671719963956
3,validation,TotalF1:average=Macro,180,0.30069199007046166
3,validation,TotalF1:average=Macro,181,0.302642729776059
3,validation,TotalF1:average=Macro,182,0.30271693126126453
3,validation,TotalF1:average=Macro,183,0.30165310722470207
3,validation,TotalF1:average=Macro,184,0.3034568778639209
3,validation,TotalF1:average=Macro,185,0.3044529895729054
3,validation,TotalF1:average=Macro,186,0.3038185100554457
3,validation,TotalF1:average=Macro,187,0.3035759158710686
3,validation,TotalF1:average=Macro,188,0.30306307485582273
3,validation,TotalF1:average=Macro,189,0.30335697094988484
3,validation,TotalF1:average=Macro,190,0.3040243875169326
3,validation,TotalF1:average=Macro,191,0.30346266457687665
3,validation,TotalF1:average=Macro,192,0.3044153454663543
3,validation,TotalF1:average=Macro,193,0.3054149808939739
3,validation,TotalF1:average=Macro,194,0.3052880006621724
3,validation,TotalF1:average=Macro,195,0.30510004768490323
3,validation,TotalF1:average=Macro,196,0.30520785951393786
3,validation,TotalF1:average=Macro,197,0.30447408294016987
3,validation,TotalF1:average=Macro,198,0.3046178210098126
3,validation,TotalF1:average=Macro,199,0.3043588917869767
3,validation,TotalF1:average=Macro,200,0.3040344520822198
3,validation,TotalF1:average=Macro,201,0.3025681220365756
3,validation,TotalF1:average=Macro,202,0.30330956625925
3,validation,TotalF1:average=Macro,203,0.30325100464842697
3,validation,TotalF1:average=Macro,204,0.30302995748104034
3,validation,TotalF1:average=Macro,205,0.3029754940762069
3,validation,TotalF1:average=Macro,206,0.3029178907038066
3,validation,TotalF1:average=Macro,207,0.3029178907038066
3,validation,TotalF1:average=Macro,208,0.30306036548382725
3,validation,TotalF1:average=Macro,209,0.303171114851966
3,validation,TotalF1:average=Macro,210,0.30317872604778995
3,validation,TotalF1:average=Macro,211,0.30348065931374324
3,validation,TotalF1:average=Macro,212,0.30403436054267197
3,validation,TotalF1:average=Macro,213,0.3045634812753203
3,validation,TotalF1:average=Macro,214,0.30318061460290147
3,validation,TotalF1:average=Macro,215,0.302061931224609
3,validation,TotalF1:average=Macro,216,0.3023526195999034
3,validation,TotalF1:average=Macro,217,0.30221970930679165
3,validation,TotalF1:average=Macro,218,0.3024066439021503
3,validation,TotalF1:average=Macro,219,0.3034683309014412
3,validation,TotalF1:average=Macro,220,0.3042269536572695
3,validation,TotalF1:average=Macro,221,0.3043105931858249
3,validation,TotalF1:average=Macro,222,0.30463481926336305
3,validation,TotalF1:average=Macro,223,0.3031785093301249
3,validation,TotalF1:average=Macro,224,0.3027234090477239
3,validation,TotalF1:average=Macro,225,0.30285496279247714
3,validation,TotalF1:average=Macro,226,0.30353797817530714
3,validation,TotalF1:average=Macro,227,0.30212561440882135
3,validation,TotalF1:average=Macro,228,0.30269856149174457
3,validation,TotalF1:average=Macro,229,0.30269856149174457
3,validation,TotalF1:average=Macro,230,0.3030746786795151
3,validation,TotalF1:average=Macro,231,0.3035111482110776
3,validation,TotalF1:average=Macro,232,0.3012845028326157
3,validation,TotalF1:average=Macro,233,0.30151363116121455
3,validation,TotalF1:average=Macro,234,0.3016341616403918
3,validation,TotalF1:average=Macro,235,0.3015968378375807
3,validation,TotalF1:average=Macro,236,0.30102459619468236
3,validation,TotalF1:average=Macro,237,0.30050766959922137
3,validation,TotalF1:average=Macro,238,0.30174962121419563
3,validation,TotalF1:average=Macro,239,0.3010870456913153
3,validation,TotalF1:average=Macro,240,0.30014583813530016
3,validation,TotalF1:average=Macro,241,0.29924604059257576
3,validation,TotalF1:average=Macro,242,0.299947190316474
3,validation,TotalF1:average=Macro,243,0.299521676274875
3,validation,TotalF1:average=Macro,244,0.300089084150967
3,validation,TotalF1:average=Macro,245,0.30023448522779345
3,validation,TotalF1:average=Macro,246,0.301694907774708
3,validation,TotalF1:average=Macro,247,0.3014059188775501
3,validation,TotalF1:average=Macro,248,0.3016822301878518
3,validation,TotalF1:average=Macro,249,0.3016822301878518
3,validation,TotalF1:average=Macro,250,0.3009269799097801
3,validation,TotalF1:average=Macro,251,0.3002780709237378
3,validation,TotalF1:average=Macro,252,0.30046285819798535
3,validation,TotalF1:average=Macro,253,0.30121225657067474
3,validation,TotalF1:average=Macro,254,0.30077246607436176
3,validation,TotalF1:average=Macro,255,0.29817796795288165
3,validation,TotalF1:average=Macro,256,0.30151280139816267
3,validation,TotalF1:average=Macro,257,0.29890740030334995
3,validation,TotalF1:average=Macro,258,0.29904933814041057
3,validation,TotalF1:average=Macro,259,0.3008917833964689
3,validation,TotalF1:average=Macro,260,0.300407112434143
3,validation,TotalF1:average=Macro,261,0.3009994441255139
3,validation,TotalF1:average=Macro,262,0.30130365932153913
3,validation,TotalF1:average=Macro,263,0.30391949659029827
3,validation,TotalF1:average=Macro,264,0.3027964775119538
3,validation,TotalF1:average=Macro,265,0.30348982539131253
3,validation,TotalF1:average=Macro,266,0.3038449688326782
3,validation,TotalF1:average=Macro,267,0.30332770033355894
3,validation,TotalF1:average=Macro,268,0.3041006271036182
3,validation,TotalF1:average=Macro,269,0.3023993300444851
3,validation,TotalF1:average=Macro,270,0.30282522408110646
3,validation,TotalF1:average=Macro,271,0.3030628875334786
3,validation,TotalF1:average=Macro,272,0.3041489651231099
3,validation,TotalF1:average=Macro,273,0.3044316066490813
3,validation,MultiClass,1,1.3614973137477744
3,validation,MultiClass,2,1.3373364597543111
3,validation,MultiClass,3,1.3232130865458067
3,validation,MultiClass,4,1.3047695653884848
3,validation,MultiClass,5,1.2928962584126622
3,validation,MultiClass,6,1.283056889885242
3,validation,MultiClass,7,1.2758792693201135
3,validation,MultiClass,8,1.2684128229755254
3,validation,MultiClass,9,1.2603762248183095
3,validation,MultiClass,10,1.2559311675173381
3,validation,MultiClass,11,1.2449544816958458
3,validation,MultiClass,12,1.2390560161462134
3,validation,MultiClass,13,1.2328188832880635
3,validation,MultiClass,14,1.2290647917543172
3,validation,MultiClass,15,1.2218892660863898
3,validation,MultiClass,16,1.2180510666315103
3,validation,MultiClass,17,1.2130000814947606
3,validation,MultiClass,18,1.2060981760750644
3,validation,MultiClass,19,1.2016274687976962
3,validation,MultiClass,20,1.2002146019779023
3,validation,MultiClass,21,1.1956859373227922
3,validation,MultiClass,22,1.1918789803145944
3,validation,MultiClass,23,1.1878594691853461
3,validation,MultiClass,24,1.182092089271117
3,validation,MultiClass,25,1.1779504219047132
3,validation,MultiClass,26,1.1766118802787917
3,validation,MultiClass,27,1.1688290182187313
3,validation,MultiClass,28,1.1671530838644286
3,validation,MultiClass,29,1.1634320648213248
3,validation,MultiClass,30,1.162181760887315
3,validation,MultiClass,31,1.1606901400530156
3,validation,MultiClass,32,1.1569216345309954
3,validation,MultiClass,33,1.1557442560352682
3,validation,MultiClass,34,1.1524767477900033
3,validation,MultiClass,35,1.1509177895774474
3,validation,MultiClass,36,1.1492199565730254
3,validation,MultiClass,37,1.1469247764985957
3,validation,MultiClass,38,1.1449737487075347
3,validation,MultiClass,39,1.1430814588180698
3,validation,MultiClass,40,1.141564972199795
3,validation,MultiClass,41,1.140460901902877
3,validation,MultiClass,42,1.1349657570276832
3,validation,MultiClass,43,1.1321205736042472
3,validation,MultiClass,44,1.1313416010676771
3,validation,MultiClass,45,1.1308235172909322
3,validation,MultiClass,46,1.1308928702804297
3,validation,MultiClass,47,1.1276485093340458
3,validation,MultiClass,48,1.126532684057598
3,validation,MultiClass,49,1.1267550183885164
3,validation,MultiClass,50,1.1267269590642617
3,validation,MultiClass,51,1.1263743509872481
3,validation,MultiClass,52,1.1244500066313088
3,validation,MultiClass,53,1.123440037096032
3,validation,MultiClass,54,1.1204286356933388
3,validation,MultiClass,55,1.1183991383083565
3,validation,MultiClass,56,1.1169817235982633
3,validation,MultiClass,57,1.1168720595826764
3,validation,MultiClass,58,1.1158259463933775
3,validation,MultiClass,59,1.1162236947675521
3,validation,MultiClass,60,1.1147808728231845
3,validation,MultiClass,61,1.1150612890453482
3,validation,MultiClass,62,1.1142510572440696
3,validation,MultiClass,63,1.112332411608108
3,validation,MultiClass,64,1.112434286639434
3,validation,MultiClass,65,1.1125388458111423
3,validation,MultiClass,66,1.1114000692582802
3,validation,MultiClass,67,1.1112080182412094
3,validation,MultiClass,68,1.1100263888639041
3,validation,MultiClass,69,1.1087352496464864
3,validation,MultiClass,70,1.1071510084785028
3,validation,MultiClass,71,1.1061456310835605
3,validation,MultiClass,72,1.1049947300425509
3,validation,MultiClass,73,1.1035946204247937
3,validation,MultiClass,74,1.1034005289680937
3,validation,MultiClass,75,1.1030386458971362
3,validation,MultiClass,76,1.102803020346156
3,validation,MultiClass,77,1.101801396306155
3,validation,MultiClass,78,1.1020454946518816
3,validation,MultiClass,79,1.1022768874501716
3,validation,MultiClass,80,1.1024954152745652
3,validation,MultiClass,81,1.1018664104414397
3,validation,MultiClass,82,1.1025104692479715
3,validation,MultiClass,83,1.1020207231358246
3,validation,MultiClass,84,1.102345117760825
3,validation,MultiClass,85,1.101140394949968
3,validation,MultiClass,86,1.1008182184466808
3,validation,MultiClass,87,1.1008331983884554
3,validation,MultiClass,88,1.1009835846159162
3,validation,MultiClass,89,1.0997195790522694
3,validation,MultiClass,90,1.0997240255105512
3,validation,MultiClass,91,1.0993974100755304
3,validation,MultiClass,92,1.0984981740132522
3,validation,MultiClass,93,1.0974310729162493
3,validation,MultiClass,94,1.0972544619207634
3,validation,MultiClass,95,1.0980577550860842
3,validation,MultiClass,96,1.0981926308338648
3,validation,MultiClass,97,1.0978558025220662
3,validation,MultiClass,98,1.0980109187309968
3,validation,MultiClass,99,1.0972984826952046
3,validation,MultiClass,100,1.0962916198762955
3,validation,MultiClass,101,1.0959722602476845
3,validation,MultiClass,102,1.09582766071701
3,validation,MultiClass,103,1.095359081652193
3,validation,MultiClass,104,1.0943605791514102
3,validation,MultiClass,105,1.0933198207660688
3,validation,MultiClass,106,1.092416428889634
3,validation,MultiClass,107,1.0921277605283615
3,validation,MultiClass,108,1.0911244929939454
3,validation,MultiClass,109,1.0907648951570867
3,validation,MultiClass,110,1.0903740116774423
3,validation,MultiClass,111,1.0909094438610518
3,validation,MultiClass,112,1.0898871863416655
3,validation,MultiClass,113,1.0893714300202064
3,validation,MultiClass,114,1.08910521860668
3,validation,MultiClass,115,1.0893199664373194
3,validation,MultiClass,116,1.0888809760877194
3,validation,MultiClass,117,1.0888976711017853
3,validation,MultiClass,118,1.0890429585831218
3,validation,MultiClass,119,1.0885395240972306
3,validation,MultiClass,120,1.0886099981700088
3,validation,MultiClass,121,1.088163216675109
3,validation,MultiClass,122,1.0879840356639805
3,validation,MultiClass,123,1.087172163907023
3,validation,MultiClass,124,1.0870302776532403
3,validation,MultiClass,125,1.0864816516195985
3,validation,MultiClass,126,1.0867595981788296
3,validation,MultiClass,127,1.087040720474344
3,validation,MultiClass,128,1.0863434484148073
3,validation,MultiClass,129,1.0865708725580598
3,validation,MultiClass,130,1.085923245925228
3,validation,MultiClass,131,1.0858236444655542
3,validation,MultiClass,132,1.085865531451007
3,validation,MultiClass,133,1.0860289333890958
3,validation,MultiClass,134,1.085756112729398
3,validation,MultiClass,135,1.0854968662000073
3,validation,MultiClass,136,1.0845894705569568
3,validation,MultiClass,137,1.0847391315674304
3,validation,MultiClass,138,1.0847124291064156
3,validation,MultiClass,139,1.0849167297273323
3,validation,MultiClass,140,1.0854733600024793
3,validation,MultiClass,141,1.0849759767896316
3,validation,MultiClass,142,1.0852051416285307
3,validation,MultiClass,143,1.084906288811828
3,validation,MultiClass,144,1.0847298619165895
3,validation,MultiClass,145,1.0848343198328618
3,validation,MultiClass,146,1.0849891231525872
3,validation,MultiClass,147,1.0857122999843192
3,validation,MultiClass,148,1.0862018206398283
3,validation,MultiClass,149,1.0863146566420456
3,validation,MultiClass,150,1.0864697974405992
3,validation,MultiClass,151,1.086510282036107
3,validation,MultiClass,152,1.086264429201133
3,validation,MultiClass,153,1.0860521842271103
3,validation,MultiClass,154,1.0853576581254616
3,validation,MultiClass,155,1.084818086451866
3,validation,MultiClass,156,1.0851418794636951
3,validation,MultiClass,157,1.0846229871673585
3,validation,MultiClass,158,1.0841431169608877
3,validation,MultiClass,159,1.083956123559515
3,validation,MultiClass,160,1.0829448919980078
3,validation,MultiClass,161,1.0830963673057563
3,validation,MultiClass,162,1.0842636130912575
3,validation,MultiClass,163,1.08424950603241
3,validation,MultiClass,164,1.0841185056103044
3,validation,MultiClass,165,1.0845658353501504
3,validation,MultiClass,166,1.0850560551432273
3,validation,MultiClass,167,1.0854554840248765
3,validation,MultiClass,168,1.0846623828856774
3,validation,MultiClass,169,1.084468922442868
3,validation,MultiClass,170,1.0849513108274655
3,validation,MultiClass,171,1.0847777409839263
3,validation,MultiClass,172,1.0844880914956283
3,validation,MultiClass,173,1.0846296258864718
3,validation,MultiClass,174,1.0844196026875261
3,validation,MultiClass,175,1.0840940621939756
3,validation,MultiClass,176,1.0839453096534173
3,validation,MultiClass,177,1.0839640270985473
3,validation,MultiClass,178,1.0845818185504923
3,validation,MultiClass,179,1.0847432551981178
3,validation,MultiClass,180,1.0849932603621266
3,validation,MultiClass,181,1.0847615821275014
3,validation,MultiClass,182,1.0847878077778539
3,validation,MultiClass,183,1.0850485180878735
3,validation,MultiClass,184,1.085547421890013
3,validation,MultiClass,185,1.0850218779279797
3,validation,MultiClass,186,1.0846978742099411
3,validation,MultiClass,187,1.084477088204807
3,validation,MultiClass,188,1.0847905047759039
3,validation,MultiClass,189,1.0845001370907825
3,validation,MultiClass,190,1.0847961010080875
3,validation,MultiClass,191,1.0848152790841699
3,validation,MultiClass,192,1.084668473686083
3,validation,MultiClass,193,1.0841975244200872
3,validation,MultiClass,194,1.0839707880287495
3,validation,MultiClass,195,1.084430498271334
3,validation,MultiClass,196,1.0844573105686182
3,validation,MultiClass,197,1.0847396410864294
3,validation,MultiClass,198,1.0844097785057447
3,validation,MultiClass,199,1.0849133218204272
3,validation,MultiClass,200,1.0846705465718138
3,validation,MultiClass,201,1.08528575374604
3,validation,MultiClass,202,1.084873060046164
3,validation,MultiClass,203,1.0846307212386248
3,validation,MultiClass,204,1.0842121775319409
3,validation,MultiClass,205,1.0841710578264878
3,validation,MultiClass,206,1.0848334498144068
3,validation,MultiClass,207,1.0846400153675264
3,validation,MultiClass,208,1.084533904837127
3,validation,MultiClass,209,1.0845168646028784
3,validation,MultiClass,210,1.0842945154223809
3,validation,MultiClass,211,1.0843728239768646
3,validation,MultiClass,212,1.0842650521145145
3,validation,MultiClass,213,1.0839750860693973
3,validation,MultiClass,214,1.0836740772684565
3,validation,MultiClass,215,1.0839899729573137
3,validation,MultiClass,216,1.0838199234805026
3,validation,MultiClass,217,1.0840031932925032
3,validation,MultiClass,218,1.0837357558163765
3,validation,MultiClass,219,1.0837087846367333
3,validation,MultiClass,220,1.0836992205407538
3,validation,MultiClass,221,1.0839338330197605
3,validation,MultiClass,222,1.0837560770274288
3,validation,MultiClass,223,1.084475309068744
3,validation,MultiClass,224,1.084449606904431
3,validation,MultiClass,225,1.0852677835636184
3,validation,MultiClass,226,1.0850805042770064
3,validation,MultiClass,227,1.0846916367538673
3,validation,MultiClass,228,1.0846023536380531
3,validation,MultiClass,229,1.0844663816669287
3,validation,MultiClass,230,1.0846321979518336
3,validation,MultiClass,231,1.084554782318397
3,validation,MultiClass,232,1.0852529738161876
3,validation,MultiClass,233,1.084898338247106
3,validation,MultiClass,234,1.0851276406866313
3,validation,MultiClass,235,1.0853661448449279
3,validation,MultiClass,236,1.0851734696104818
3,validation,MultiClass,237,1.085079194804598
3,validation,MultiClass,238,1.0851054166094227
3,validation,MultiClass,239,1.08476948652918
3,validation,MultiClass,240,1.084926343222563
3,validation,MultiClass,241,1.0848422036477112
3,validation,MultiClass,242,1.0847838272802581
3,validation,MultiClass,243,1.0845204097079475
3,validation,MultiClass,244,1.0845851191388436
3,validation,MultiClass,245,1.084449064226427
3,validation,MultiClass,246,1.0844976658670227
3,validation,MultiClass,247,1.0839793223847944
3,validation,MultiClass,248,1.0837275672577988
3,validation,MultiClass,249,1.0837334758307011
3,validation,MultiClass,250,1.083658066056502
3,validation,MultiClass,251,1.0838165204569723
3,validation,MultiClass,252,1.0835957011467112
3,validation,MultiClass,253,1.0841828116061663
3,validation,MultiClass,254,1.084524696672773
3,validation,MultiClass,255,1.0843249541684872
3,validation,MultiClass,256,1.0841515767788026
3,validation,MultiClass,257,1.0840346489944894
3,validation,MultiClass,258,1.0840754485967554
3,validation,MultiClass,259,1.084385822084143
3,validation,MultiClass,260,1.0844790176279537
3,validation,MultiClass,261,1.0846044822874956
3,validation,MultiClass,262,1.0841976762292798
3,validation,MultiClass,263,1.084230843732674
3,validation,MultiClass,264,1.08373650972371
3,validation,MultiClass,265,1.0841552206799456
3,validation,MultiClass,266,1.0844464171959634
3,validation,MultiClass,267,1.084215809592704
3,validation,MultiClass,268,1.0842795301065935
3,validation,MultiClass,269,1.0847136150617562
3,validation,MultiClass,270,1.0844325564808028
3,validation,MultiClass,271,1.084585915161404
3,validation,MultiClass,272,1.0839069145208178
3,validation,MultiClass,273,1.0843602653081732
